title,link,date,sentiment

Ask an Advisor: 'Prove Me Wrong.' I Think Investing in CDs Is a Better Deal Than Working With an Advisor,https://finance.yahoo.com/news/ask-advisor-prove-wrong-think-195737088.html,2023-12-27T16:29:37Z,neutral
1 Fantastic Dividend Stock Yielding Nearly 10% to Buy Hand Over Fist for 2024,https://finance.yahoo.com/news/1-fantastic-dividend-stock-yielding-232346578.html,2023-12-27T23:23:46Z,negative
Analysts Really Think You Should Dump These 10 Stocks By Year-End,https://www.investors.com/etfs-and-funds/sectors/sp500-analysts-really-think-you-should-dump-these-stocks-by-year-end/?src=A00220&amp;yptr=yahoo,2023-12-27T13:00:21Z,positive
Missed Out on Nvidia? Buy This Magnificent Artificial Intelligence (AI) Stock Before It Soars At Least 45% in 2024,https://finance.yahoo.com/news/missed-nvidia-buy-magnificent-artificial-115247796.html,2023-12-27T11:52:47Z,positive
'Rich Dad Poor Dad's' Robert Kiyosaki Predicts Collapse Of The US Financial System � 'We're At The End Of An Empire. All Empires Always Come To An End',https://finance.yahoo.com/news/rich-dad-poor-dads-robert-150412275.html,2023-12-27T20:22:48Z,negative
"Tesla Makes Money Selling Electric Vehicles, But 67% of Its Earnings Might Soon Come From This Instead",https://finance.yahoo.com/news/tesla-makes-money-selling-electric-104500179.html,2023-12-27T10:45:00Z,neutral
"If I Could Only Buy 1 Stock, This Would Be It",https://finance.yahoo.com/news/could-only-buy-1-stock-124700522.html,2023-12-27T12:47:00Z,positive
MARA Stock Keeps Skyrocketing. Why The Window To Lock In Gains Is Closing Fast.,https://www.investors.com/news/mara-stock-keeps-skyrocketing-window-lock-gains-closing-fast/?src=A00220&amp;yptr=yahoo,2023-12-27T20:57:33Z,neutral
Meet the Stock-Split Stock Warren Buffett Is Likeliest to Buy in 2024,https://finance.yahoo.com/news/meet-stock-split-stock-warren-100600829.html,2023-12-27T10:06:00Z,positive
California Pizza Huts lay off all delivery drivers ahead of minimum wage increase,https://finance.yahoo.com/news/california-pizza-huts-lay-off-234021911.html,2023-12-26T23:40:21Z,positive
1 Spectacular Growth Stock Down 90% to Buy Hand Over Fist in 2024,https://finance.yahoo.com/news/1-spectacular-growth-stock-down-205412615.html,2023-12-27T20:54:12Z,positive
Dividend Stocks: 3M Hits Buy Point With Dividend Set To Climb For 65th Straight Year,https://www.investors.com/research/the-income-investor/dividend-stocks-3m-hits-buy-point-with-dividend-set-to-climb-for-65th-straight-year/?src=A00220&amp;yptr=yahoo,2023-12-27T20:14:37Z,negative
Why SoFi Stock Could Have an Amazing 2024,https://finance.yahoo.com/news/why-sofi-stock-could-amazing-232245047.html,2023-12-27T23:22:45Z,neutral
Cheap Stocks To Buy: Should You Watch These 5 Growth Stocks? This Internet Stock Soars 83% In November,https://www.investors.com/research/cheap-stocks-to-buy/?src=A00220&amp;yptr=yahoo,2023-12-27T23:30:16Z,positive
3 Phenomenal High-Yield Dividend Stocks to Buy Hand Over Fist in 2024 and Hold Forever,https://finance.yahoo.com/news/3-phenomenal-high-yield-dividend-103700259.html,2023-12-27T10:37:00Z,positive
I'm 65 Years Old With $750k in an IRA. I'm Taking Social Security. Is It Too Late for a Roth Conversion?,https://finance.yahoo.com/news/im-65-years-old-750k-122659587.html,2023-12-27T12:26:59Z,neutral
3 Stocks I Want to Buy if the Market Crashes Again,https://finance.yahoo.com/news/3-stocks-want-buy-market-140000426.html,2023-12-27T14:00:00Z,positive
The 'Wizard of Wharton' says stocks will jump next year as economic fears fade - and fresh faith in the Fed explains the market's latest rally,https://finance.yahoo.com/news/wizard-wharton-says-stocks-jump-205809084.html,2023-12-27T20:58:09Z,positive
Best Artificial Intelligence (AI) Stock 2024: Palantir Stock vs. C3.ai Stock,https://finance.yahoo.com/news/best-artificial-intelligence-ai-stock-220733406.html,2023-12-27T22:07:33Z,neutral
Social Security beneficiaries could see these big changes in 2024,https://finance.yahoo.com/news/social-security-beneficiaries-could-see-205851938.html,2023-12-27T20:58:51Z,positive
"Recession will hit the US in 2024, so get ready for massive interest-rate cuts, UBS says",https://finance.yahoo.com/news/recession-hit-us-2024-ndash-175051903.html,2023-12-27T18:00:01Z,negative
China's Alibaba must face a US toymaker's lawsuit over sales of allegedly fake Squishmallows,https://finance.yahoo.com/news/us-court-rejects-chinese-ecommerce-091513754.html,2023-12-28T09:15:13Z,neutral
Nvidia stock still looks cheap despite 200%-plus surge: Strategist,https://finance.yahoo.com/news/nvidia-stock-still-looks-cheap-despite-200-plus-surge-strategist-174701821.html,2023-12-27T17:47:01Z,neutral
"The Fed may be done hiking interest rates, but get ready for more corporate defaults in 2024, Fitch Ratings says",https://finance.yahoo.com/news/fed-may-done-hiking-interest-012913669.html,2023-12-28T01:29:13Z,neutral
"2 Cathie Wood Stocks That Could Soar in 2024, According to Wall Street",https://finance.yahoo.com/news/2-cathie-wood-stocks-could-153000282.html,2023-12-27T15:30:00Z,neutral
Daily Spotlight: On Track to be a Bull?,https://finance.yahoo.com/research/reports/ARGUS_38652_MarketOutlook_1703680103000?yptr=yahoo&amp;ncid=yahooproperties_plusresear_nm5q6ze1cei,2023-12-27T12:28:23Z,neutral
History Says the Nasdaq Will Soar in 2024: 1 Artificial Intelligence (AI) Growth Stock to Buy Before It Does,https://finance.yahoo.com/news/history-says-nasdaq-soar-2024-152200159.html,2023-12-27T15:22:00Z,positive
2 No-Brainer Artificial Intelligence (AI) Stocks to Buy Before 2024,https://finance.yahoo.com/news/2-no-brainer-artificial-intelligence-111000856.html,2023-12-27T11:10:00Z,neutral
Why Intel's stock has nearly tripled S&P 500's gain in December,https://finance.yahoo.com/news/why-intels-stock-has-nearly-tripled-sp-500s-gain-in-december-130905828.html,2023-12-27T13:09:05Z,neutral
"Can I Retire At 62 With A $1 Million Roth IRA, $22,172 Annual Pension And $1,827 Monthly Social Security?",https://finance.yahoo.com/news/retire-62-1-million-roth-181928973.html,2023-12-27T18:19:28Z,neutral
Moderna and Pfizer Stock Tumbled in 2023. Wall Street Sees a Rebound.,https://www.barrons.com/articles/moderna-stock-pfizer-rebound-2024-c02cd219?siteid=yhoof2&amp;yptr=yahoo,2023-12-27T16:47:00Z,neutral
"Market Digest: AEE, ROP, DG",https://finance.yahoo.com/research/reports/ARGUS_38649_MarketSummary_1703680075000?yptr=yahoo&amp;ncid=yahooproperties_plusresear_nm5q6ze1cei,2023-12-27T12:27:55Z,neutral
"GM sues San Francisco, seeking $121 million in back taxes, penalties",https://finance.yahoo.com/news/gm-sues-san-francisco-seeking-232410416.html,2023-12-27T23:24:10Z,neutral
"You've got 'your head in the sand' to be bearish in this market, as investors move to greed from fear, Morgan Stanley portfolio manager says",https://finance.yahoo.com/news/youve-got-head-sand-bearish-002211251.html,2023-12-28T00:22:11Z,neutral
This Behemoth Stock Could Skyrocket 100% in 3 Years -- Here's How,https://finance.yahoo.com/news/behemoth-stock-could-skyrocket-100-150700762.html,2023-12-27T15:07:00Z,neutral
4 Top Artificial Intelligence (AI) Stocks to Buy Before 2024,https://finance.yahoo.com/news/4-top-artificial-intelligence-ai-121500884.html,2023-12-27T12:15:00Z,neutral
"Want $500 in Super-Safe Dividend Income in 2024? Invest $4,850 Into the Following 3 Ultra-High-Yield Stocks.",https://finance.yahoo.com/news/want-500-super-safe-dividend-100600825.html,2023-12-28T10:06:00Z,neutral
Analyst Report: Roper Technologies Inc,https://finance.yahoo.com/research/reports/ARGUS_3687_AnalystReport_1703680075000?yptr=yahoo&amp;ncid=yahooproperties_plusresear_nm5q6ze1cei,2023-12-27T12:27:55Z,neutral
Ask an Advisor: My Kids Inherited $5 Million. How Should They Handle It?,https://finance.yahoo.com/news/ask-advisor-kids-inherited-5-191222714.html,2023-12-27T16:27:25Z,neutral
Cathie Wood Stocks To Buy And Watch: COIN Stock Surges To New High,https://www.investors.com/research/best-cathie-wood-stocks-to-watch-coinbase-block-roku-zoom-video-tesla-falls/?src=A00220&amp;yptr=yahoo,2023-12-27T21:01:55Z,neutral
"OPEC+ can't cut oil production enough to push crude prices higher, energy expert says",https://finance.yahoo.com/news/opec-cant-cut-oil-production-025817663.html,2023-12-27T02:58:17Z,neutral
There Are Only 3 'Magnificent Seven' Stocks I Would Buy in 2024,https://finance.yahoo.com/news/only-3-magnificent-seven-stocks-110000321.html,2023-12-27T11:00:00Z,neutral
Warren Buffett has tumbled from 5th place to 10th on the rich list this year - as Big Tech rebounded and he donated nearly $6 billion,https://finance.yahoo.com/news/warren-buffett-tumbled-5th-place-185922112.html,2023-12-27T18:59:22Z,neutral
Daily � Vickers Top Insider Picks for 12/27/2023,https://finance.yahoo.com/research/reports/ARGUS_38647_InsiderActivity_1703678657000?yptr=yahoo&amp;ncid=yahooproperties_plusresear_nm5q6ze1cei,2023-12-27T12:04:17Z,neutral
How Will Plug Power Be Affected by Proposed Hydrogen Rules? Analyst Weighs In,https://finance.yahoo.com/news/plug-power-affected-proposed-hydrogen-100126024.html,2023-12-27T10:01:26Z,neutral
2 Ultra-Growth Stocks That Are Leading the Market Recovery,https://finance.yahoo.com/news/3-ultra-growth-stocks-leading-192100461.html,2023-12-27T19:21:00Z,positive